model,ratio,resample_type,accuracy,precision,recall,f1
XGB_Resampled,,up,0.9988321435833578,0.942603550295858,0.7426573426573426,0.8307692307692308
XGB_Resampled,,down,0.9988321435833578,0.942603550295858,0.7426573426573426,0.8307692307692308
XGB_Resampled,0.1,up,0.9989221171131453,0.9107332624867163,0.799067599067599,0.8512540352619816
XGB_Resampled,0.1,down,0.9960141726304121,0.49114372469635625,0.9048951048951049,0.6367065770050845
XGB_Resampled,0.5,up,0.9987637637007193,0.8580550098231827,0.8144522144522145,0.8356852427648888
XGB_Resampled,0.5,down,0.9856042352339942,0.20586757761478952,0.9552447552447553,0.33873367498760126
XGB_Resampled,1.0,up,0.9986809880533147,0.8292910447761194,0.828904428904429,0.8290976917696433
XGB_Resampled,1.0,down,0.9780482582024368,0.14643409762273174,0.9706293706293706,0.25447656297744914
