model,ratio,resample_type,accuracy,precision,recall,f1,roc_auc,best_iter
XGB_Depth_None,0.05,up,0.9985694208763781,0.8090659340659341,0.8237762237762237,0.8163548163548163,0.9973068546486012,200
XGB_Depth_None,0.05,down,0.9980115849916954,0.7001539645881447,0.848018648018648,0.7670250896057348,0.9974603597931283,200
XGB_Depth_None,0.1,up,0.9979360072266739,0.6852264291017075,0.8606060606060606,0.7629675552800166,0.9976016152314172,200
XGB_Depth_None,0.1,down,0.9962876921609662,0.5109978540772532,0.8881118881118881,0.6487314830580623,0.9973047113395107,200
XGB_Depth_None,0.2,up,0.9969516968107983,0.5667357206274045,0.8927738927738927,0.6933381607530775,0.9977301278760524,200
XGB_Depth_None,0.2,down,0.9935470984436379,0.36679608060639673,0.924941724941725,0.5252846174212338,0.9972520785739976,200
